{
  "$schema": "https://docs.renovatebot.com/renovate-schema.json",
  "extends": [
    "config:best-practices"
  ],
  "ignorePaths": [],
  "labels": ["Skip Changelog", "dependencies"],
  "postUpdateOptions" : [
    "gomodTidy"
  ],
  "packageRules": [
    {
      "matchManagers": ["gomod"],
      "matchDepTypes": ["indirect"],
      "enabled": true
    },
    {
      "matchPackageNames": ["go.opentelemetry.io/build-tools/**"],
      "groupName": "build-tools"
    },
    {
      "matchPackageNames": ["google.golang.org/genproto/googleapis/**"],
      "groupName": "googleapis"
    },
    {
      "matchPackageNames": ["golang.org/x/**"],
      "groupName": "golang.org/x"
    }
  ]
}
